,,
Season,Age,Player
1997-98,23,Tariq Abdul-Wahad\abdulta01
1996-97,20,Shareef Abdur-Rahim\abdursh01
2016-17,23,Álex Abrines\abrinal01
2005-06,23,Alex Acker\ackeral01
2012-13,22,Quincy Acy\acyqu01
2006-07,22,Hassan Adams\adamsha01
2018-19,22,Jaylen Adams\adamsja01
2014-15,20,Jordan Adams\adamsjo01
2013-14,20,Steven Adams\adamsst01
2017-18,20,Bam Adebayo\adebaba01
2018-19,21,Deng Adel\adelde01
2010-11,24,Jeff Adrien\adrieje01
2007-08,22,Arron Afflalo\afflaar01
2006-07,22,Maurice Ager\agerma01
2007-08,23,Blake Ahearn\ahearbl01
2008-09,20,Alexis Ajinça\ajincal01
2012-13,26,Josh Akognon\akognjo01
2018-19,25,DeVaughn Akoon-Purcell\akoonde01
2010-11,22,Solomon Alabi\alabiso01
2014-15,23,Furkan Aldemir\aldemfu01
2010-11,22,Cole Aldrich\aldrico01
2006-07,21,LaMarcus Aldridge\aldrila01
2015-16,20,Cliff Alexander\alexacl01
1995-96,22,Cory Alexander\alexaco01
2000-01,23,Courtney Alexander\alexaco02
2008-09,22,Joe Alexander\alexajo01
2018-19,21,Rawle Alkins\alkinra01
2018-19,23,Grayson Allen\allengr01
2017-18,19,Jarrett Allen\allenja01
1995-96,23,Jerome Allen\allenje01
2017-18,25,Kadeem Allen\allenka01
2011-12,22,Lavoy Allen\allenla01
2001-02,23,Malik Allen\allenma01
1996-97,21,Ray Allen\allenra02
2004-05,23,Tony Allen\allento01
2007-08,26,Lance Allred\allrela01
2007-08,22,Morris Almond\almonmo01
1999-00,23,Rafer Alston\alstora01
1998-99,25,Peter Aluma\alumape01
1995-96,25,John Amaechi\amaecjo01
1995-96,24,Ashraf Amaya\amayaas01
2010-11,20,Al-Farouq Aminu\aminual01
2006-07,24,Lou Amundson\amundlo01
2001-02,23,Chris Andersen\anderch01
2009-10,29,David Andersen\anderda03
2005-06,23,Alan Anderson\anderal01
2009-10,24,Antonio Anderson\anderan02
1997-98,23,Derek Anderson\anderde01
2010-11,21,James Anderson\anderja01
2015-16,22,Justin Anderson\anderju01
2014-15,21,Kyle Anderson\anderky01
2008-09,20,Ryan Anderson\anderry01
1996-97,23,Shandon Anderson\andersh01
2005-06,19,Martynas Andriuškevičius\andrima01
2017-18,19,Ike Anigbogu\anigbik01
1997-98,23,Chris Anstey\anstech01
2013-14,19,Giannis Antetokounmpo\antetgi01
2018-19,21,Kostas Antetokounmpo\antetko01
2015-16,23,Thanasis Antetokounmpo\antetth01
2003-04,19,Carmelo Anthony\anthoca01
2007-08,25,Joel Anthony\anthojo01
2013-14,31,Pero Antić\anticpe01
2017-18,20,OG Anunoby\anunoog01
2015-16,23,Keith Appling\applike01
2004-05,24,Rafael Araújo\araujra01
2002-03,22,Robert Archibald\archiro01
2017-18,23,Ryan Arcidiacono\arcidry01
2001-02,20,Gilbert Arenas\arenagi01
2004-05,19,Trevor Ariza\arizatr01
2001-02,21,Brandon Armstrong\armstbr01
2006-07,22,Hilton Armstrong\armsthi01
2001-02,22,Carlos Arroyo\arroyca01
2008-09,20,Darrell Arthur\arthuda01
2017-18,25,Jamel Artis\artisja01
2010-11,24,Ömer Aşık\asikom01
1999-00,25,Chucky Atkins\atkinch01
2008-09,21,D.J. Augustin\augusdj01
2006-07,22,James Augustine\augusja01
1999-00,20,William Avery\averywi01
2011-12,26,Gustavo Ayón\ayongu01
2009-10,22,Jeff Ayres\pendeje02
2018-19,20,Deandre Ayton\aytonde01
2006-07,23,Kelenna Azubuike\azubuke01
2013-14,23,Chris Babb\babbch01
2010-11,21,Luke Babbitt\babbilu01
2017-18,22,Dwayne Bacon\bacondw01
2000-01,20,Dalibor Bagarić\bagarda01
2018-19,19,Marvin Bagley\baglema01
1998-99,23,Toby Bailey\baileto01
2014-15,24,Cameron Bairstow\bairsca01
1998-99,29,LaMark Baker\bakerla01
2004-05,25,Maurice Baker\bakerma01
2016-17,23,Ron Baker\bakerro01
2016-17,20,Wade Baldwin\baldwwa01
2006-07,22,Renaldo Balkman\balkmre01
2017-18,20,Lonzo Ball\balllo01
2018-19,20,Mo Bamba\bambamo01
2003-04,22,Marcus Banks\banksma01
2003-04,21,Leandro Barbosa\barbole01
2006-07,22,J.J. Barea\bareajo01
2006-07,21,Andrea Bargnani\bargnan01
2000-01,22,Erick Barkley\barkler01
2012-13,20,Harrison Barnes\barneha02
2003-04,23,Matt Barnes\barnema02
2004-05,22,Andre Barrett\barrean01
2005-06,24,Earl Barron\barroea01
1995-96,24,Brent Barry\barrybr01
1997-98,24,Drew Barry\barrydr01
2012-13,22,Will Barton\bartowi01
2005-06,22,Eddie Basden\basdeed01
2005-06,20,Brandon Bass\bassbr01
2002-03,27,Maceo Baston\bastoma01
2001-02,26,Mengke Bateer\bateeme01
2018-19,23,Keita Bates-Diop\bateske01
2005-06,22,Esteban Batista\batises01
2002-03,25,Mike Batiste\batismi01
1997-98,21,Tony Battie\battito01
2001-02,23,Shane Battier\battish01
2008-09,20,Nicolas Batum\batumni01
2002-03,24,Lonny Baxter\baxtelo01
2008-09,20,Jerryd Bayless\bayleje01
2012-13,26,Aron Baynes\baynear01
2012-13,23,Kent Bazemore\bazemke01
2012-13,19,Bradley Beal\bealbr01
2003-04,23,Jerome Beasley\beaslje01
2016-17,20,Malik Beasley\beaslma01
2008-09,20,Michael Beasley\beaslmi01
2009-10,21,Rodrigue Beaubois\beaubro01
1995-96,24,Corey Beck\beckco01
2007-08,21,Marco Belinelli\belinma01
2001-02,22,Charlie Bell\bellch01
2017-18,23,Jordan Bell\belljo01
2000-01,24,Raja Bell\bellra01
2003-04,23,Troy Bell\belltr01
2016-17,22,DeAndre' Bembry\bembrde01
2016-17,19,Dragan Bender\bendedr01
1999-00,19,Jonathan Bender\bendejo01
2014-15,23,Jerrelle Benimon\benimje01
1998-99,20,Corey Benjamin\benjaco01
2013-14,20,Anthony Bennett\bennean01
1995-96,22,Mario Bennett\bennema01
2011-12,23,Keith Benson\bensoke02
2016-17,21,Ben Bentil\bentibe01
2018-19,29,Dairis Bertāns\bertada02
2016-17,24,Dāvis Bertāns\bertada01
1995-96,23,Travis Best\besttr01
2012-13,24,Patrick Beverley\beverpa01
2014-15,22,Sim Bhullar\bhullsi01
1998-99,20,Mike Bibby\bibbymi01
2004-05,18,Andris Biedriņš\biedran01
1997-98,21,Chauncey Billups\billuch01
2017-18,25,Khem Birch\birchkh01
2017-18,23,Jabari Bird\birdja01
2011-12,19,Bismack Biyombo\biyombi01
2015-16,27,Nemanja Bjelica\bjeline01
2014-15,23,Tarik Black\blackta01
2009-10,20,DeJuan Blair\blairde01
2003-04,23,Steve Blake\blakest01
2017-18,21,Antonio Blakeney\blakean01
2006-07,23,Will Blalock\blalowi01
2005-06,19,Andray Blatche\blatcan01
2010-11,21,Eric Bledsoe\bledser01
2018-19,25,Jaron Blossomgame\blossja01
2000-01,25,Mark Blount\blounma01
2013-14,21,Vander Blue\blueva01
2004-05,25,Tony Bobbitt\bobbito01
2003-04,23,Keith Bogans\boganke01
2017-18,25,Bogdan Bogdanović\bogdabo01
2014-15,25,Bojan Bogdanović\bogdabo02
2005-06,21,Andrew Bogut\bogutan01
1997-98,24,Etdrick Bohannon\bohanet01
2018-19,23,Jonah Bolden\boldejo01
2016-17,23,Joel Bolomboy\bolomjo01
1996-97,26,Dexter Boney\boneyde01
2018-19,19,Isaac Bonga\bongais01
2004-05,24,Matt Bonner\bonnema01
2015-16,19,Devin Booker\bookede01
1995-96,23,Melvin Booker\bookeme01
2010-11,23,Trevor Booker\booketr01
2006-07,22,Josh Boone\boonejo01
1999-00,23,Calvin Booth\boothca01
1997-98,23,Keith Booth\boothke01
2002-03,21,Carlos Boozer\boozeca01
2003-04,23,Curtis Borchardt\borchcu01
1999-00,27,Lazaro Borrell\borrela01
2003-04,19,Chris Bosh\boshch01
2017-18,25,Chris Boucher\bouchch01
2001-02,23,Ruben Boumtje-Boumtje\boumtru01
1999-00,22,Cal Bowdler\bowdlca01
1996-97,25,Bruce Bowen\bowenbr01
1999-00,24,Ryan Bowen\bowenry01
1999-00,26,Ira Bowman\bowmair01
1995-96,22,Donnie Boyce\boycedo01
1998-99,22,Earl Boykins\boykiea01
2006-07,23,Cedric Bozeman\bozemce01
2010-11,23,Craig Brackins\brackcr01
2010-11,20,Avery Bradley\bradlav01
2001-02,22,Michael Bradley\bradlmi01
2017-18,20,Tony Bradley\bradlto01
1996-97,28,Mark Bradtke\bradtma01
1995-96,25,Marques Bragg\braggma01
2003-04,27,Torraye Braggs\braggto01
1999-00,23,A.J. Bramlett\bramlaj01
1999-00,20,Elton Brand\brandel01
2002-03,22,J.R. Bremer\bremejr01
2007-08,21,Corey Brewer\breweco01
2001-02,21,Jamison Brewer\breweja01
2006-07,21,Ronnie Brewer\brewero02
2001-02,22,Primož Brezec\brezepr01
2018-19,22,Mikal Bridges\bridgmi01
2018-19,20,Miles Bridges\bridgmi02
2018-19,22,Isaiah Briscoe\briscis01
2009-10,22,Jon Brockman\brockjo01
2018-19,28,Ryan Broekhoff\broekry01
2016-17,24,Malcolm Brogdon\brogdma01
2007-08,23,Aaron Brooks\brookaa01
2017-18,22,Dillon Brooks\brookdi01
2011-12,23,MarShon Brooks\brookma01
2006-07,25,Andre Brown\brownan01
2015-16,23,Anthony Brown\brownan02
2008-09,24,Bobby Brown\brownbo02
2018-19,22,Bruce Brown\brownbr01
2001-02,22,Damone Brown\brownda02
2006-07,22,Dee Brown\brownde03
2009-10,22,Derrick Brown\brownde04
2002-03,24,Devin Brown\brownde02
2001-02,22,Ernest Brown\browner01
1998-99,23,Gerald Brown\brownge02
2014-15,22,Jabari Brown\brownja01
2016-17,20,Jaylen Brown\brownja02
2001-02,20,Kedrick Brown\brownke01
2001-02,19,Kwame Brown\brownkw01
2013-14,23,Lorenzo Brown\brownlo01
1996-97,22,Marcus Brown\brownma01
2014-15,23,Markel Brown\brownma02
2006-07,21,Shannon Brown\brownsh01
2017-18,22,Sterling Brown\brownst02
2001-02,22,Tierre Brown\brownti01
2018-19,19,Troy Brown\browntr01
2018-19,22,Jalen Brunson\brunsja01
1997-98,25,Rick Brunson\brunsri01
2016-17,23,Nicolás Brussino\brussni01
1996-97,18,Kobe Bryant\bryanko01
2017-18,20,Thomas Bryant\bryanth01
1999-00,23,Greg Buckner\buckngr01
2009-10,21,Chase Budinger\budinch01
1999-00,22,Rodney Buford\buforro01
2013-14,22,Reggie Bullock\bullore01
2002-03,29,Pat Burke\burkepa01
2013-14,21,Trey Burke\burketr01
2011-12,20,Alec Burks\burksal01
2004-05,24,Antonio Burks\burksan01
2005-06,26,Kevin Burleson\burleke01
1995-96,23,Junior Burrough\burroju01
2018-19,25,Deonte Burton\burtode02
2002-03,22,Caron Butler\butleca01
2004-05,19,Jackie Butler\butleja01
2011-12,22,Jimmy Butler\butleji01
2002-03,23,Rasual Butler\butlera01
2013-14,24,Dwight Buycks\buyckdw01
2011-12,27,Derrick Byars\byarsde01
2005-06,18,Andrew Bynum\bynuman01
2005-06,23,Will Bynum\bynumwi01
2003-04,22,Žarko Čabarkapa\cabarza01
2014-15,19,Bruno Caboclo\cabocbr01
1995-96,22,Jason Caffey\caffeja01
2013-14,24,Nick Calathes\calatni01
2005-06,24,José Calderón\caldejo01
2013-14,20,Kentavious Caldwell-Pope\caldwke01
1996-97,22,Marcus Camby\cambyma01
2013-14,22,Isaiah Canaan\canaais01
2014-15,20,Clint Capela\capelca01
2010-11,22,Derrick Caracter\caracde01
2000-01,23,Brian Cardinal\cardibr01
2004-05,28,Geno Carlisle\carlige01
2006-07,22,Rodney Carney\carnero01
1995-96,21,Chris Carr\carrch01
1998-99,23,Cory Carr\carrco01
2009-10,23,DeMarre Carroll\carrode01
2003-04,23,Matt Carroll\carroma01
1996-97,27,Jimmy Carruth\carruji01
1999-00,24,Anthony Carter\cartean01
2018-19,23,Jevon Carter\carteje01
2003-04,27,Maurice Carter\cartema01
1998-99,22,Vince Carter\cartevi01
2018-19,19,Wendell Carter\cartewe01
2013-14,22,Michael Carter-Williams\cartemi01
2017-18,23,Alex Caruso\carusal01
2009-10,21,Omri Casspi\casspom01
1997-98,23,Kelvin Cato\catoke01
2015-16,22,Willie Cauley-Stein\caulewi01
2018-19,23,Troy Caupain\caupatr01
2017-18,23,Tyler Cavanaugh\cavanty01
1999-00,22,John Celestand\celesjo01
2004-05,24,Lionel Chalmers\chalmli01
2008-09,22,Mario Chalmers\chalmma01
2001-02,19,Tyson Chandler\chandty01
2007-08,20,Wilson Chandler\chandwi01
2018-19,23,Joe Chealey\chealjo01
2014-15,23,Will Cherry\cherrwi01
2004-05,21,Josh Childress\childjo01
1995-96,23,Randolph Childress\childra01
2018-19,23,Chris Chiozza\chiozch01
2016-17,19,Marquese Chriss\chrisma01
2013-14,27,Dionte Christmas\chrisdi01
2015-16,24,Rakeem Christmas\chrisra01
2016-17,24,Semaj Christon\chrisse01
2014-15,26,Patrick Christopher\chrispa01
1995-96,23,Robert Churchwell\churcro01
2009-10,22,Earl Clark\clarkea01
2018-19,24,Gary Clark\clarkga01
2013-14,22,Ian Clark\clarkia01
1998-99,23,Keon Clark\clarkke01
2015-16,23,Coty Clarke\clarkco01
2014-15,22,Jordan Clarkson\clarkjo01
2017-18,24,Gian Clavell\clavegi01
2012-13,24,Victor Claver\clavevi01
1995-96,25,Charles Claxton\claxtch01
2001-02,23,Speedy Claxton\claxtsp01
2000-01,23,Mateen Cleaves\cleavma01
2017-18,23,Antonius Cleveland\clevean01
1997-98,21,Keith Closs\closske01
1995-96,24,John Coker\cokerjo01
2011-12,23,Norris Cole\coleno01
2000-01,23,Jason Collier\collija02
1997-98,24,James Collins\collija01
2001-02,23,Jarron Collins\collija03
2001-02,23,Jason Collins\collija04
2017-18,20,John Collins\collijo01
2006-07,22,Mardy Collins\collima01
2010-11,23,Sherron Collins\collish01
2017-18,20,Zach Collins\colliza01
2017-18,26,Kyle Collinsworth\colliky01
2009-10,22,Darren Collison\collida01
2004-05,24,Nick Collison\collini01
2018-19,23,Bonzie Colson\colsobo01
2000-01,25,Sean Colson\colsose01
2007-08,20,Mike Conley\conlemi01
2015-16,23,Pat Connaughton\connapa01
2006-07,24,Will Conroy\conrowi01
2003-04,23,Brian Cook\cookbr01
2007-08,20,Daequan Cook\cookda02
2003-04,22,Omar Cook\cookom01
2016-17,23,Quinn Cook\cookqu01
2017-18,23,Charles Cooke\cookech01
2014-15,23,Jack Cooley\cooleja01
2012-13,28,Chris Copeland\copelch01
2017-18,24,Matt Costello\costema01
2014-15,22,Bryce Cotton\cottobr01
1997-98,22,James Cotton\cottoja02
2010-11,24,Marcus Cousin\cousima01
2010-11,20,DeMarcus Cousins\couside01
2013-14,23,Robert Covington\covinro01
2013-14,21,Allen Crabbe\crabbal01
2017-18,27,Torrey Craig\craigto01
1997-98,22,Chris Crawford\crawfch01
2000-01,20,Jamal Crawford\crawfja01
2008-09,22,Joe Crawford\crawfjo01
2010-11,22,Jordan Crawford\crawfjo02
2018-19,26,Mitch Creek\creekmi01
2001-02,22,Joe Crispin\crispjo01
2007-08,20,Javaris Crittenton\crittja01
1997-98,22,Austin Croshere\croshau01
2012-13,22,Jae Crowder\crowdja01
1999-00,23,Vonteego Cummings\cummivo01
2009-10,22,Dante Cunningham\cunnida01
2012-13,21,Jared Cunningham\cunnija01
1997-98,23,William Cunningham\cunniwi01
2001-02,19,Eddy Curry\curryed01
2009-10,24,JamesOn Curry\curryja01
2013-14,23,Seth Curry\curryse01
2009-10,21,Stephen Curry\curryst01
1995-96,25,Rastko Cvetković\cvetkra01
2001-02,20,Samuel Dalembert\dalemsa01
1996-97,21,Erick Dampier\dampier01
1997-98,22,Antonio Daniels\daniean01
2004-05,22,Erik Daniels\danieer01
2003-04,23,Marquis Daniels\daniema01
2013-14,22,Troy Daniels\danietr01
1995-96,25,Sasha Danilović\danilsa01
2013-14,26,Luigi Datome\datomlu01
1998-99,27,Kornél Dávid\davidko01
2007-08,23,Jermareo Davidson\davidje01
2013-14,22,Brandon Davies\daviebr01
2012-13,19,Anthony Davis\davisan02
1999-00,20,Baron Davis\davisba01
1996-97,24,Ben Davis\davisbe01
2016-17,20,Deyonta Davis\davisde01
2010-11,21,Ed Davis\davised01
1996-97,28,Emanual Davis\davisem01
2007-08,22,Glen Davis\davisgl01
2003-04,23,Josh Davis\davisjo02
1995-96,22,Mark Davis\davisma02
2006-07,22,Paul Davis\davispa01
1998-99,19,Ricky Davis\davisri01
2018-19,21,Tyler Davis\davisty01
2014-15,23,Andre Dawkins\dawkian01
2015-16,22,Branden Dawson\dawsobr01
2011-12,27,Eric Dawson\dawsoer01
2009-10,21,Austin Daye\dayeau01
2012-13,25,Nando De Colo\decolna01
1995-96,22,Andrew DeClercq\declean01
2013-14,24,Dewayne Dedmon\dedmode01
2015-16,23,Bryce Dejean-Jones\dejeabr01
2015-16,21,Sam Dekker\dekkesa01
2016-17,27,Malcolm Delaney\delanma01
2004-05,22,Carlos Delfino\delfica01
2018-19,24,Ángel Delgado\delgaan01
1996-97,23,Tony Delk\delkto01
2013-14,23,Matthew Dellavedova\dellama01
2004-05,19,Luol Deng\denglu01
2011-12,26,Justin Dentmon\dentmju01
2009-10,20,DeMar DeRozan\derozde01
2018-19,22,Marcus Derrickson\derrima01
1999-00,24,Derrick Dial\dialde01
2016-17,20,Cheick Diallo\diallch01
2018-19,20,Hamidou Diallo\diallha01
2003-04,21,Boris Diaw\diawbo01
2006-07,24,Yakhouba Diawara\diawaya01
2007-08,22,Guillermo Díaz\diazgu01
2002-03,24,Dan Dickau\dickada01
2003-04,25,Kaniel Dickens\dickeka01
1998-99,23,Michael Dickerson\dickemi01
2005-06,23,Travis Diener\dienetr01
2013-14,24,Gorgui Dieng\dienggo01
2014-15,21,Spencer Dinwiddie\dinwisp01
2005-06,22,Ike Diogu\dioguik01
2001-02,20,DeSagana Diop\diopde01
2018-19,22,Donte DiVincenzo\divindo01
2002-03,24,Juan Dixon\dixonju01
1998-99,21,Michael Doleac\doleami01
2018-19,19,Luka Dončić\doncilu01
2000-01,20,Keyon Dooling\doolike01
2008-09,25,Joey Dorsey\dorsejo01
2017-18,21,Tyler Dorsey\dorsety01
2017-18,23,Damyean Dotson\dotsoda01
2006-07,22,Quincy Douby\doubyqu01
2009-10,23,Toney Douglas\douglto01
2008-09,22,Chris Douglas-Roberts\douglch01
2010-11,26,Zabian Dowdell\dowdeza01
2017-18,24,Milton Doyle\doylemi01
2017-18,21,PJ Dozier\doziepj01
2008-09,22,Goran Dragić\dragigo01
2014-15,25,Zoran Dragić\dragizo01
1998-99,24,Bryce Drew\drewbr01
2014-15,24,Larry Drew\drewla02
1996-97,23,Nate Driggers\driggna01
2001-02,26,Predrag Drobnjak\drobnpr01
2012-13,19,Andre Drummond\drumman01
2007-08,22,Jared Dudley\dudleja01
2004-05,22,Chris Duhon\duhonch01
2015-16,24,Duje Dukan\dukandu01
1997-98,21,Tim Duncan\duncati01
2002-03,22,Mike Dunleavy\dunlemi02
2016-17,22,Kris Dunn\dunnkr01
2003-04,23,Ronald Dupree\duprero01
2007-08,19,Kevin Durant\duranke01
2018-19,20,Trevon Duval\duvaltr01
2011-12,24,Jerome Dyson\dysonje01
2014-15,23,Cleanthony Early\earlycl01
2010-11,21,Devin Ebanks\ebankde01
2003-04,19,Ndudi Ebi\ebind01
2015-16,24,Jarell Eddie\eddieja01
1995-96,22,Tyus Edney\edneyty01
2004-05,25,Corsley Edwards\edwarco01
2004-05,23,John Edwards\edwarjo01
2013-14,26,Shane Edwards\edwarsh01
2018-19,22,Vince Edwards\edwarvi01
1999-00,24,Obinna Ekezie\ekeziob01
2000-01,21,Khalid El-Amin\elamikh01
2016-17,20,Henry Ellenson\ellenhe01
2009-10,22,Wayne Ellington\ellinwa01
2005-06,20,Monta Ellis\ellismo01
2003-04,27,Francisco Elson\elsonfr01
2002-03,24,Melvin Ely\elyme01
2016-17,22,Joel Embiid\embiijo01
2004-05,22,Andre Emmett\emmetan01
2012-13,24,Kim English\engliki01
2014-15,24,James Ennis\ennisja01
2014-15,20,Tyler Ennis\ennisty01
2010-11,24,Semih Erden\erdense01
1999-00,24,Evan Eschmeyer\eschmev01
1995-96,26,Vincenzo Esposito\esposvi01
2018-19,21,Drew Eubanks\eubandr01
1996-97,23,Brian Evans\evansbr01
2018-19,21,Jacob Evans\evansja02
2017-18,21,Jawun Evans\evansja01
2010-11,23,Jeremy Evans\evansje01
2001-02,23,Maurice Evans\evansma01
2002-03,22,Reggie Evans\evansre01
2009-10,20,Tyreke Evans\evansty01
2005-06,22,Daniel Ewing\ewingda01
2010-11,26,Patrick Ewing\ewingpa02
2014-15,19,Dante Exum\exumda01
2010-11,21,Christian Eyenga\eyengch01
2012-13,23,Festus Ezeli\ezelife01
2011-12,22,Kenneth Faried\farieke01
2006-07,20,Jordan Farmar\farmajo01
2006-07,25,Desmon Farmer\farmede01
1997-98,28,Tony Farmer\farmeto01
2013-14,25,Vítor Faverani\favervi01
2010-11,19,Derrick Favors\favorde01
2007-08,22,Nick Fazekas\fazekni01
1996-97,22,Jamie Feick\feickja01
2016-17,21,Kay Felder\feldeka01
2015-16,23,Cristiano Felício\feliccr01
2013-14,23,Carrick Felix\felixca01
2005-06,24,Noel Felix\felixno01
2005-06,21,Raymond Felton\feltora01
2003-04,26,Desmond Ferguson\fergude01
2017-18,19,Terrance Ferguson\fergute01
2008-09,23,Rudy Fernández\fernaru01
2016-17,23,Yogi Ferrell\ferreyo01
2007-08,21,Kyrylo Fesenko\fesenky01
2010-11,22,Landry Fields\fieldla01
1995-96,22,Michael Finley\finlemi01
2016-17,23,Dorian Finney-Smith\finnedo01
1996-97,22,Derek Fisher\fishede01
2005-06,23,Gerald Fitch\fitchge01
2000-01,22,Marcus Fizer\fizerma01
2004-05,23,Luis Flores\florelu01
2009-10,20,Jonny Flynn\flynnjo01
2001-02,26,Isaac Fontaine\fontais01
2011-12,24,Jeff Foote\footeje01
2016-17,23,Bryn Forbes\forbebr01
2010-11,25,Gary Forbes\forbega01
2001-02,20,Alton Ford\fordal02
2005-06,24,Sharrod Ford\fordsh02
1995-96,23,Sherell Ford\fordsh01
2003-04,20,T.J. Ford\fordtj01
2001-02,20,Joseph Forte\fortejo01
2011-12,23,Courtney Fortson\fortsco01
1997-98,21,Danny Fortson\fortsda01
1999-00,23,Jeff Foster\fosteje01
2001-02,20,Antonis Fotsis\fotsian01
2012-13,20,Evan Fournier\fournev01
2001-02,25,Tremaine Fowlkes\fowlktr01
2017-18,20,De'Aaron Fox\foxde01
2006-07,23,Randy Foye\foyera01
1997-98,22,Adonal Foyle\foylead01
2003-04,26,Richie Frahm\frahmri01
1999-00,22,Steve Francis\francst01
2013-14,22,Jamaal Franklin\frankja01
2018-19,22,Melvin Frazier\frazime01
2014-15,24,Tim Frazier\fraziti01
2011-12,22,Jimmer Fredette\fredeji01
2012-13,25,Joel Freeland\freeljo01
2004-05,23,Matt Freije\freijma01
2005-06,22,Channing Frye\fryech01
2003-04,22,Hiram Fuller\fullehi01
1996-97,22,Todd Fuller\fulleto02
2017-18,19,Markelle Fultz\fultzma01
1997-98,27,Lawrence Funderburke\fundela01
2002-03,24,Dan Gadzuric\gadzuda01
2005-06,23,Deng Gai\gaide01
2003-04,23,Reece Gaines\gainere01
2009-10,23,Sundiata Gaines\gainesu01
2008-09,20,Danilo Gallinari\gallida01
2014-15,23,Langston Galloway\gallola01
2006-07,29,Jorge Garbajosa\garbajo01
2000-01,27,Rubén Garcés\garceru01
2003-04,23,Alex Garcia\garcial01
2005-06,24,Francisco García\garcifr01
2007-08,22,Thomas Gardner\gardnth01
2016-17,23,Patricio Garino\garinpa01
1997-98,22,Chris Garner\garnech01
1995-96,19,Kevin Garnett\garneke01
1998-99,23,Marlon Garnett\garnema01
2018-19,24,Billy Garrett\garrebi01
1996-97,30,Dean Garrett\garrede01
2012-13,24,Diante Garrett\garredi02
1997-98,23,Kiwane Garris\garriki01
1998-99,22,Pat Garrity\garripa01
2008-09,24,Marc Gasol\gasolma01
2001-02,21,Pau Gasol\gasolpa01
2006-07,20,Rudy Gay\gayru01
2016-17,24,Michael Gbinije\gbinimi01
1996-97,23,Reggie Geary\gearyre01
2009-10,22,Alonzo Gee\geeal01
2006-07,23,Mickaël Gelabale\gelabmi01
1999-00,22,Devean George\georgde01
2010-11,20,Paul George\georgpa01
2016-17,22,Marcus Georges-Hunt\georgma01
2006-07,20,Daniel Gibson\gibsoda01
2016-17,29,Jonathan Gibson\gibsojo01
2009-10,24,Taj Gibson\gibsota01
2008-09,23,J.R. Giddens\giddejr01
2009-10,25,Trey Gilder\gildetr01
2018-19,20,Harry Giles\gilesha01
2018-19,20,Shai Gilgeous-Alexander\gilgesh01
2000-01,22,Eddie Gill\gilled01
2002-03,25,Manu Ginóbili\ginobma01
2002-03,25,Gordan Giriček\giricgo01
2011-12,25,Mickell Gladness\gladnmi01
1999-00,21,Dion Glover\glovedi01
2006-07,25,Andreas Glyniadakis\glynian01
2013-14,21,Rudy Gobert\goberru01
1995-96,24,Anthony Goldwire\goldwan01
2005-06,23,Ryan Gomes\gomesry01
2002-03,21,Drew Gooden\goodedr01
2000-01,24,Steve Goodrich\goodrst01
2013-14,19,Archie Goodwin\goodwar01
2018-19,23,Brandon Goodwin\goodwbr01
2014-15,19,Aaron Gordon\gordoaa01
2004-05,21,Ben Gordon\gordobe01
2014-15,24,Drew Gordon\gordodr01
2008-09,20,Eric Gordon\gordoer01
2007-08,23,Marcin Gortat\gortama01
2011-12,23,Andrew Goudelock\goudean01
2018-19,23,Devonte' Graham\grahade01
2005-06,23,Joey Graham\grahajo01
2005-06,23,Stephen Graham\grahast01
2016-17,23,Treveon Graham\grahatr01
2005-06,22,Danny Granger\grangda01
2014-15,20,Jerami Grant\grantje01
2015-16,23,Jerian Grant\grantje02
1998-99,25,Paul Grant\grantpa01
2018-19,23,Donte Grantham\grantdo01
2007-08,23,Aaron Gray\grayaa01
1996-97,24,Devin Gray\grayde01
1997-98,22,Ed Gray\grayed01
1996-97,27,Evric Gray\grayev01
2017-18,24,Josh Gray\grayjo01
2009-10,22,Danny Green\greenda02
2005-06,23,Devin Green\greende01
2012-13,22,Draymond Green\greendr01
2014-15,23,Erick Green\greener01
2005-06,20,Gerald Green\greenge01
2014-15,24,JaMychal Green\greenja01
2007-08,21,Jeff Green\greenje02
2007-08,21,Taurean Green\greenta01
2003-04,22,Willie Green\greenwi01
2008-09,20,Donté Greene\greendo01
2005-06,23,Orien Greene\greenor01
2006-07,27,Lynn Greer\greerly01
1999-00,25,Adrian Griffin\griffad01
2010-11,21,Blake Griffin\griffbl01
2001-02,19,Eddie Griffin\griffed01
2009-10,23,Taylor Griffin\griffta01
1997-98,23,Derek Grimm\grimmde01
2005-06,26,Anthony Grundy\grundan01
2013-14,25,Jorge Gutiérrez\gutiejo01
2000-01,22,A.J. Guyton\guytoaj01
2008-09,23,Hamed Haddadi\haddaha01
2008-09,21,Malik Hairston\hairsma01
2014-15,22,P.J. Hairston\hairspj02
2002-03,22,Marcus Haislip\haislma01
2006-07,22,Mike Hall\hallmi01
1996-97,23,Darvin Ham\hamda01
1996-97,23,Steve Hamer\hamerst01
2017-18,22,Daniel Hamilton\hamilda02
2011-12,21,Jordan Hamilton\hamiljo02
2013-14,23,Justin Hamilton\hamilju01
1999-00,21,Richard Hamilton\hamilri01
2001-02,23,Tang Hamilton\hamilta01
1995-96,20,Thomas Hamilton\hamilth01
2000-01,25,Zendon Hamilton\hamilze01
2016-17,24,A.J. Hammons\hammoaj01
2003-04,30,Ben Handlogten\handlbe01
2018-19,25,Dusty Hannahs\hannadu01
2012-13,25,Ben Hansbrough\hansbbe01
2009-10,24,Tyler Hansbrough\hansbty01
2003-04,25,Travis Hansen\hansetr01
1997-98,29,Reggie Hanson\hansore01
2010-11,23,Luke Harangody\haranlu01
2013-14,21,Tim Hardaway\hardati02
2009-10,20,James Harden\hardeja01
2012-13,19,Maurice Harkless\harklma01
2011-12,22,Justin Harper\harpeju01
1998-99,22,Matt Harpring\harprma01
2015-16,22,Montrezl Harrell\harremo01
2011-12,22,Josh Harrellson\harrejo01
2002-03,22,Adam Harrington\harriad01
1998-99,18,Al Harrington\harrial01
2002-03,22,Junior Harrington\harriju01
1996-97,23,Othella Harrington\harriot01
2004-05,21,Devin Harris\harride01
2013-14,24,Elias Harris\harriel01
2014-15,20,Gary Harris\harriga01
2014-15,23,Joe Harris\harrijo01
2010-11,21,Manny Harris\harrima01
2007-08,24,Mike Harris\harrimi01
2011-12,24,Terrel Harris\harrite01
2011-12,19,Tobias Harris\harrito02
2015-16,21,Aaron Harrison\harriaa01
2016-17,22,Andrew Harrison\harrian01
2004-05,22,David Harrison\harrida01
2017-18,24,Shaquille Harrison\harrish01
2000-01,22,Jason Hart\hartja01
2017-18,22,Josh Hart\hartjo01
2018-19,20,Isaiah Hartenstein\harteis01
2000-01,20,Donnell Harvey\harvedo01
2003-04,23,Udonis Haslem\hasleud01
2001-02,22,Trenton Hassell\hassetr01
2001-02,22,Kirk Haston\hastoki01
2007-08,19,Spencer Hawes\hawessp01
2002-03,29,Juaquin Hawkins\hawkiju01
1996-97,24,Michael Hawkins\hawkimi01
2005-06,22,Chuck Hayes\hayesch01
2003-04,22,Jarvis Hayes\hayesja01
2017-18,23,Nigel Hayes\hayesni01
2010-11,20,Gordon Hayward\haywago01
2010-11,24,Lazar Hayward\haywala01
2001-02,22,Brendan Haywood\haywobr01
2005-06,23,Luther Head\headlu01
1996-97,26,Shane Heal\healsh01
2017-18,26,Reggie Hearn\hearnre01
1995-96,28,Alvin Heggs\heggsal01
1995-96,23,Alan Henderson\hendeal01
1997-98,22,Cedric Henderson\hendece02
2009-10,22,Gerald Henderson\hendege02
1998-99,22,J.R. Henderson\hendejr01
1996-97,22,Mark Hendrickson\hendrma01
2017-18,25,Myke Henry\henrymy01
2010-11,19,Xavier Henry\henryxa01
2012-13,22,John Henson\hensojo01
2016-17,21,Juan Hernangómez\hernaju01
2016-17,22,Willy Hernangómez\hernawi01
1999-00,24,Chris Herren\herrech01
2006-07,27,Walter Herrmann\herrmwa01
2015-16,20,Mario Hezonja\hezonma01
2008-09,22,Roy Hibbert\hibbero01
2017-18,23,Isaiah Hicks\hicksis01
2008-09,20,J.J. Hickson\hicksjj01
2016-17,24,Buddy Hield\hieldbu01
2011-12,22,Cory Higgins\higgico01
2018-19,22,Haywood Highsmith\highsha01
2002-03,20,Nenê Hilário\hilarne01
2008-09,22,George Hill\hillge01
2009-10,22,Jordan Hill\hilljo01
2013-14,22,Solomon Hill\hillso01
2008-09,23,Steven Hill\hillst01
2015-16,22,Darrun Hilliard\hillida01
2003-04,23,Kirk Hinrich\hinriki01
2006-07,23,Robert Hite\hitero01
2011-12,24,Darington Hobson\hobsoda01
2005-06,22,Julius Hodge\hodgeju01
1995-96,23,Fred Hoiberg\hoibefr01
2005-06,26,Randy Holcomb\holcora01
2018-19,22,Aaron Holiday\holidaa01
2009-10,19,Jrue Holiday\holidjr01
2012-13,23,Justin Holiday\holidju01
2017-18,29,John Holland\hollajo02
2006-07,22,Ryan Hollins\holliry01
2015-16,21,Rondae Hollis-Jefferson\holliro01
2015-16,22,Richaun Holmes\holmeri01
1997-98,23,Jerald Honeycutt\honeyje01
2011-12,21,Tyler Honeycutt\honeyty01
1999-00,23,Derek Hood\hoodde01
2014-15,22,Rodney Hood\hoodro01
2013-14,24,Scotty Hopson\hopsosc01
2007-08,21,Al Horford\horfoal01
2011-12,23,Dennis Horner\hornede01
2016-17,23,Danuel House\houseda01
2000-01,22,Eddie House\houseed01
2004-05,19,Dwight Howard\howardw01
2003-04,23,Josh Howard\howarjo01
2009-10,25,Lester Hudson\hudsole01
1997-98,21,Troy Hudson\hudsotr01
2015-16,32,Marcelo Huertas\huertma01
2018-19,20,Kevin Huerter\huertke01
2015-16,24,Josh Huestis\huestjo01
2002-03,27,Nate Huffman\huffmna01
1998-99,20,Larry Hughes\hughela01
1999-00,26,Rick Hughes\hugheri02
2013-14,24,Robbie Hummel\hummero01
2002-03,23,Ryan Humphrey\humphry01
2018-19,21,Isaac Humphries\humphis01
2004-05,19,Kris Humphries\humphkr01
2003-04,23,Brandon Hunter\huntebr01
2009-10,25,Chris Hunter\huntech01
2008-09,22,Othello Hunter\hunteot01
2015-16,22,R.J. Hunter\hunterj01
2001-02,20,Steven Hunter\huntest01
2017-18,23,Vince Hunter\huntevi01
2018-19,22,Chandler Hutchison\hutchch01
2009-10,20,Serge Ibaka\ibakase01
2004-05,21,Andre Iguodala\iguodan01
1997-98,22,Zydrunas Ilgauskas\ilgauzy01
2006-07,22,Mile Ilić\ilicmi01
2004-05,24,Didier Ilunga-Mbenga\mbengdj01
2006-07,19,Ersan İlyasova\ilyaser01
2014-15,27,Joe Ingles\inglejo01
2015-16,20,Damien Inglis\inglida01
2017-18,32,Andre Ingram\ingraan01
2016-17,19,Brandon Ingram\ingrabr01
2011-12,19,Kyrie Irving\irvinky01
2017-18,20,Jonathan Isaac\isaacjo01
1996-97,21,Allen Iverson\iversal01
2004-05,23,Royal Ivey\iveyro01
2017-18,23,Wesley Iwundu\iwundwe01
2005-06,22,Jarrett Jack\jackja01
2017-18,31,Aaron Jackson\jacksaa01
1997-98,24,Bobby Jackson\jacksbo01
2009-10,23,Cedric Jackson\jacksce01
2008-09,23,Darnell Jackson\jacksda01
2016-17,22,Demetrius Jackson\jacksde01
2018-19,20,Frank Jackson\jacksfr01
2018-19,19,Jaren Jackson\jacksja02
1999-00,23,Jermaine Jackson\jacksje01
2017-18,20,Josh Jackson\jacksjo02
2017-18,22,Justin Jackson\jacksju01
2004-05,23,Luke Jackson\jackslu02
2000-01,26,Marc Jackson\jacksma02
2016-17,25,Pierre Jackson\jackspi01
1998-99,23,Randell Jackson\jacksra02
2011-12,21,Reggie Jackson\jacksre01
2000-01,22,Stephen Jackson\jacksst02
2002-03,21,Casey Jacobsen\jacobca01
1998-99,23,Sam Jacobson\jacobsa01
2012-13,27,Bernard James\jamesbe01
2010-11,23,Damion James\jamesda01
1998-99,23,Jerome James\jamesje01
2003-04,19,LeBron James\jamesle01
2001-02,26,Mike James\jamesmi01
2017-18,27,Mike James\jamesmi02
1999-00,23,Tim James\jamesti01
1998-99,22,Antawn Jamison\jamisan01
1999-00,23,Harold Jamison\jamisha01
2002-03,24,Marko Jarić\jaricma01
2005-06,29,Šarūnas Jasikevičius\jasiksa01
2008-09,22,Nathan Jawai\jawaina01
2002-03,22,Chris Jefferies\jeffech01
2009-10,24,Othyus Jeffers\jeffeot01
2004-05,20,Al Jefferson\jeffeal01
2018-19,25,Amile Jefferson\jeffeam01
2014-15,24,Cory Jefferson\jeffeco01
2008-09,25,Dontell Jefferson\jeffedo01
2001-02,21,Richard Jefferson\jefferi01
2002-03,21,Jared Jeffries\jeffrja01
2011-12,22,Charles Jenkins\jenkich01
2004-05,30,Horace Jenkins\jenkiho01
2012-13,21,John Jenkins\jenkijo01
2009-10,20,Brandon Jennings\jennibr01
2009-10,22,Jonas Jerebko\jerebjo01
2014-15,21,Grant Jerrett\jerregr01
2010-11,27,Eugene Jeter\jetereu01
2007-08,20,Yi Jianlian\jianlyi01
2003-04,24,Britton Johnsen\johnsbr01
2006-07,23,Alexander Johnson\johnsal01
2018-19,22,Alize Johnson\johnsal02
2005-06,18,Amir Johnson\johnsam01
1997-98,23,Anthony Johnson\johnsan02
2010-11,21,Armon Johnson\johnsar02
2018-19,23,B.J. Johnson\johnsbj01
2016-17,22,Brice Johnson\johnsbr02
2011-12,29,Carldell Johnson\johnsca01
2010-11,25,Chris Johnson\johnsch03
2012-13,22,Chris Johnson\johnsch04
2017-18,22,Dakari Johnson\johnsda04
1995-96,30,Darryl Johnson\johnsda02
1999-00,24,DeMarco Johnson\johnsde02
2000-01,20,DerMarr Johnson\johnsde03
2011-12,27,Ivan Johnson\johnsiv01
2009-10,22,James Johnson\johnsja01
2001-02,20,Joe Johnson\johnsjo02
2002-03,24,Ken Johnson\johnske03
2003-04,23,Linton Johnson\johnsli01
2014-15,22,Nick Johnson\johnsni01
2017-18,28,Omari Johnson\johnsom01
2012-13,23,Orlando Johnson\johnsor01
2015-16,19,Stanley Johnson\johnsst04
2008-09,24,Trey Johnson\johnstr01
2014-15,22,Tyler Johnson\johnsty01
2010-11,23,Wesley Johnson\johnswe01
2012-13,23,Darius Johnson-Odom\johnsda03
2015-16,20,Nikola Jokić\jokicni01
2001-02,23,Alvin Jones\jonesal01
2006-07,23,Bobby Jones\jonesbo02
1998-99,23,Charles Jones\jonesch03
2003-04,23,Dahntay Jones\jonesda02
2016-17,21,Damian Jones\jonesda03
1998-99,22,Damon Jones\jonesda01
2012-13,22,DeQuan Jones\jonesde01
2016-17,19,Derrick Jones\jonesde02
2010-11,22,Dominique Jones\jonesdo02
1997-98,22,Dontae' Jones\jonesdo01
2005-06,22,Dwayne Jones\jonesdw02
2002-03,23,Fred Jones\jonesfr01
2017-18,24,Jalen Jones\jonesja04
2003-04,23,James Jones\jonesja02
2018-19,23,Jemerrio Jones\jonesje01
1999-00,20,Jumaine Jones\jonesju01
2012-13,23,Kevin Jones\joneske01
2004-05,29,Mark Jones\jonesma03
2012-13,21,Perry Jones\jonespe01
2006-07,22,Solomon Jones\jonesso01
2012-13,21,Terrence Jones\joneste01
2015-16,19,Tyus Jones\jonesty01
2008-09,20,DeAndre Jordan\jordade01
2011-12,25,Jerome Jordan\jordaje01
2011-12,20,Cory Joseph\josepco01
2000-01,27,Garth Joseph\josepga01
2012-13,24,Kris Joseph\josepkr01
2003-04,21,Chris Kaman\kamanch01
2015-16,22,Frank Kaminsky\kaminfr01
2011-12,19,Enes Kanter\kanteen01
2003-04,22,Jason Kapono\kaponja01
2013-14,20,Sergey Karasev\karasse01
2007-08,24,Coby Karl\karlco01
2004-05,24,Mario Kasun\kasunma01
2015-16,30,Sasha Kaun\kaunsa01
2013-14,22,Ryan Kelly\kellyry01
2017-18,21,Luke Kennard\kennalu01
2011-12,22,D.J. Kennedy\kennedj01
1998-99,24,Jonathan Kerner\kernejo01
1999-00,22,Lari Ketner\ketnela01
2004-05,22,Viktor Khryapa\khryavi01
2012-13,19,Michael Kidd-Gilchrist\kiddgmi01
2014-15,25,Sean Kilpatrick\kilpase01
1995-96,23,Frankie King\kingfr01
2018-19,25,George King\kingge03
1998-99,26,Gerard King\kingge02
1995-96,22,Jimmy King\kingji02
2006-07,22,Tarence Kinsey\kinseta01
2001-02,20,Andrei Kirilenko\kirilan01
2014-15,23,Alex Kirk\kirkal01
1996-97,22,Kerry Kittles\kittlke01
2017-18,26,Maxi Kleber\klebima01
2005-06,21,Linas Kleiza\kleizli01
2004-05,23,Brandin Knight\knighbr02
2011-12,20,Brandon Knight\knighbr03
1997-98,22,Brevin Knight\knighbr01
1996-97,22,Travis Knight\knightr01
2018-19,19,Kevin Knox\knoxke01
2017-18,20,Furkan Korkmaz\korkmfu01
2017-18,22,Luke Kornet\kornelu01
2005-06,18,Yaroslav Korolev\korolya01
2003-04,22,Kyle Korver\korveky01
2008-09,19,Kosta Koufos\koufoko01
2012-13,25,Viacheslav Kravtsov\kravtvi01
2004-05,21,Nenad Krstić\krstine01
2018-19,20,Rodions Kurucs\kurucro01
2008-09,23,Rob Kurz\kurzro01
2004-05,30,Ibo Kutluay\kutluib01
2017-18,22,Kyle Kuzma\kuzmaky01
2013-14,23,Ognjen Kuzmić\kuzmiog01
2016-17,27,Mindaugas Kuzminskas\kuzmimi01
2016-17,20,Skal Labissière\labissk01
2009-10,25,Oliver Lafayette\lafayol01
1998-99,22,Raef LaFrentz\lafrera01
2012-13,21,Doron Lamb\lambdo01
2012-13,20,Jeremy Lamb\lambje01
2003-04,18,Maciej Lampe\lampema01
2002-03,23,Sean Lampley\lamplse01
2007-08,24,Carl Landry\landrca01
2009-10,24,Marcus Landry\landrma01
2006-07,23,James Lang\langja01
1999-00,23,Trajan Langdon\langdtr01
2007-08,24,Keith Langford\langfke01
2000-01,23,Dan Langhi\langhda01
2016-17,27,Nicolás Laprovíttola\laproni01
2013-14,21,Shane Larkin\larkish01
1997-98,24,Rusty LaRue\larueru01
2007-08,25,Stéphane Lasme\lasmest01
1996-97,23,Priest Lauderdale\laudepr01
2014-15,23,Joffrey Lauvergne\lauvejo01
2014-15,19,Zach LaVine\lavinza01
2007-08,23,Acie Law\lawac01
2010-11,22,Gani Lawal\lawalga01
1997-98,23,Jason Lawson\lawsoja01
2009-10,22,Ty Lawson\lawsoty01
2016-17,22,Jake Layman\laymaja01
2017-18,20,T.J. Leaf\leaftj01
2013-14,21,Ricky Ledo\ledori01
2008-09,23,Courtney Lee\leeco01
2017-18,25,Damion Lee\leeda03
2005-06,22,David Lee\leeda02
2011-12,21,Malcolm Lee\leema01
2017-18,25,Walt Lemon\lemonwa01
2013-14,20,Alex Len\lenal01
1995-96,22,Voshon Lenard\lenarvo01
2011-12,20,Kawhi Leonard\leonaka01
2012-13,20,Meyers Leonard\leoname01
2011-12,21,Travis Leslie\leslitr01
2011-12,22,Jon Leuer\leuerjo01
2016-17,22,Caris LeVert\leverca01
1995-96,26,Cedric Lewis\lewisce01
1995-96,20,Martin Lewis\lewisma01
1999-00,22,Quincy Lewis\lewisqu01
1998-99,19,Rashard Lewis\lewisra02
2011-12,23,DeAndre Liggins\liggide01
2012-13,22,Damian Lillard\lillada01
2010-11,22,Jeremy Lin\linje01
1996-97,21,Randy Livingston\livinra01
2004-05,19,Shaun Livingston\livinsh01
1996-97,23,Horacio Llamas Grey\llamaho01
2018-19,26,Zach Lofton\loftoza01
2000-01,28,Art Long\longar01
2016-17,24,Shawn Long\longsh01
2015-16,19,Kevon Looney\looneke01
2008-09,20,Brook Lopez\lopezbr01
1998-99,24,Felipe López\lopezfe01
2003-04,23,Raül López\lopezra01
2008-09,20,Robin Lopez\lopezro01
2008-09,20,Kevin Love\loveke01
2006-07,20,Kyle Lowry\lowryky01
2018-19,25,Jordan Loyd\loydjo01
2005-06,23,John Lucas III\lucasjo02
2014-15,25,Kalin Lucas\lucaska01
1998-99,21,Tyronn Lue\luety01
2016-17,21,Timothé Luwawu-Cabarrot\luwawti01
2017-18,21,Tyler Lydon\lydonty01
2015-16,20,Trey Lyles\lylestr01
2016-17,24,Sheldon Mac\mcclesh01
1999-00,24,Todd MacCulloch\maccuto01
2012-13,22,Scott Machado\machasc01
2005-06,26,Arvydas Macijauskas\macijar01
2011-12,21,Shelvin Mack\macksh01
2011-12,25,Vernon Macklin\macklve01
2018-19,23,Daryl Macon\maconda01
2018-19,23,J.P. Macura\macurjp01
2002-03,21,Tito Maddox\maddoti01
2000-01,25,Mark Madsen\madsema01
2017-18,28,Josh Magette\magetjo01
1999-00,20,Corey Maggette\maggeco01
2000-01,22,Jamaal Magloire\magloja01
2007-08,21,Ian Mahinmi\mahinia01
2006-07,24,Renaldo Major\majorre01
2016-17,19,Thon Maker\makerth01
1996-97,25,Matt Maloney\malonma01
1995-96,25,Rich Manning\manniri01
2014-15,22,Devyn Marble\marblde01
1996-97,19,Stephon Marbury\marbust01
1999-00,21,Shawn Marion\mariosh01
2015-16,27,Boban Marjanović\marjabo01
2017-18,20,Lauri Markkanen\markkla01
2006-07,21,Damir Markota\markoda01
1998-99,23,Sean Marks\marksse01
1995-96,23,Donny Marshall\marshdo02
2012-13,21,Kendall Marshall\marshke01
2005-06,23,Rawle Marshall\marshra01
2008-09,24,Cartier Martin\martica01
1995-96,24,Cuonzo Martin\marticu01
2015-16,21,Jarell Martin\martija01
2000-01,23,Kenyon Martin\martike01
2004-05,21,Kevin Martin\martike02
2000-01,23,Desmond Mason\masonde01
2017-18,23,Frank Mason\masonfr01
2002-03,22,Roger Mason\masonro01
2018-19,22,Yante Maten\matenya01
2017-18,25,Mangok Mathiang\mathima01
2009-10,23,Wesley Matthews\matthwe02
2005-06,22,Jason Maxiell\maxieja01
2005-06,21,Sean May\mayse01
2009-10,22,Eric Maynor\maynoer01
2008-09,21,O.J. Mayo\mayooj01
2008-09,22,Luc Mbah a Moute\mbahalu01
2014-15,22,James Michael McAdoo\mcadoja01
2018-19,24,Tahjere McCall\mccalta01
2013-14,22,Ray McCallum\mccalra01
2005-06,21,Rashad McCants\mccanra01
1998-99,23,Kelly McCarty\mccarke01
1996-97,22,Walter McCarty\mccarwa01
1996-97,23,Amal McCaskill\mccasam01
2016-17,21,Patrick McCaw\mccawpa01
2000-01,23,Dan McClintock\mcclida01
2013-14,22,CJ McCollum\mccolcj01
2015-16,23,T.J. McConnell\mccontj01
1998-99,21,Jelani McCoy\mccoyje01
2006-07,22,Chris McCray\mccrach01
2017-18,24,Erik McCree\mccreer01
2015-16,20,Chris McCullough\mcculch01
1995-96,23,Clint McDaniel\mcdancl01
2014-15,21,K.J. McDaniels\mcdankj01
2014-15,23,Doug McDermott\mcderdo01
1997-98,28,Michael McDonald\mcdonmi01
1995-96,21,Antonio McDyess\mcdyean01
2006-07,24,Ivan McFarlin\mcfariv01
2014-15,22,Mitch McGary\mcgarmi01
2008-09,21,JaVale McGee\mcgeeja01
1997-98,18,Tracy McGrady\mcgratr01
2016-17,25,Rodney McGruder\mcgruro01
2007-08,22,Dominic McGuire\mcguido01
1996-97,22,Jeff McInnis\mcinnje01
2017-18,27,Trey McKinney-Jones\mckintr01
2017-18,25,Alfonzo McKinnie\mckinal01
2013-14,20,Ben McLemore\mclembe01
2003-04,24,Keith McLeod\mcleoke01
1998-99,23,Roshown McLeod\mcleoro01
2014-15,27,Jerel McNeal\mcneaje01
2000-01,22,Paul McPherson\mcphepa01
2015-16,24,Jordan McRae\mcraejo01
2007-08,20,Josh McRoberts\mcrobjo01
2000-01,21,Stanislav Medvedenko\medvest01
2009-10,22,Jodie Meeks\meeksjo01
2015-16,29,Salah Mejri\mejrisa01
2013-14,25,Gal Mekel\mekelga01
2012-13,22,Fab Melo\melofa01
2018-19,20,De'Anthony Melton\meltode01
2006-07,23,Pops Mensah-Bonsu\mensapo01
1997-98,21,Ron Mercer\mercero01
2018-19,21,Chimezie Metu\metuch01
1995-96,23,Loren Meyer\meyerlo01
2015-16,21,Jordan Mickey\mickejo01
2012-13,21,Khris Middleton\middlkh01
2000-01,21,Chris Mihm\mihmch01
2005-06,22,Aaron Miles\milesaa01
2005-06,18,C.J. Miles\milescj01
2000-01,19,Darius Miles\milesda01
1997-98,20,Marko Milič\milicma01
2003-04,18,Darko Miličić\milicda01
1999-00,23,Andre Miller\millean02
1998-99,22,Brad Miller\millebr01
2012-13,22,Darius Miller\milleda01
2017-18,24,Malcolm Miller\millema01
2000-01,20,Mike Miller\millemi01
2012-13,20,Quincy Miller\millequ01
2009-10,21,Patty Mills\millspa02
2014-15,27,Elijah Millsap\millsel01
2006-07,21,Paul Millsap\millspa01
2018-19,22,Shake Milton\miltosh01
2002-03,22,Yao Ming\mingya01
2014-15,23,Nikola Mirotić\mirotni01
1999-00,24,Jason Miskiri\miskija01
2017-18,21,Donovan Mitchell\mitchdo01
2013-14,21,Tony Mitchell\mitchto02
2013-14,24,Tony Mitchell\mitchto03
2017-18,24,Naz Mitrou-Long\mitrona01
1998-99,23,Cuttino Mobley\moblecu01
1998-99,21,Nazr Mohammed\mohamna01
2000-01,22,Jérôme Moïso\moisoje01
2005-06,22,Sergei Monia\moniase01
2017-18,19,Malik Monk\monkma01
2010-11,20,Greg Monroe\monrogr01
2015-16,22,Luis Montero\montelu01
2007-08,27,Jamario Moon\moonja01
2017-18,22,Ben Moore\moorebe01
2011-12,22,E'Twaun Moore\mooreet01
1998-99,23,Mikki Moore\mooremi01
2014-15,23,Eric Moreland\moreler01
2011-12,21,Darius Morris\morrida01
2017-18,22,Jaylen Morris\morrija01
2011-12,22,Marcus Morris\morrima03
2011-12,22,Markieff Morris\morrima02
2017-18,22,Monte Morris\morrimo01
2006-07,21,Randolph Morris\morrira01
2001-02,23,Terence Morris\morrite01
2006-07,22,Adam Morrison\morriad01
2008-09,23,Anthony Morrow\morroan01
1995-96,23,Lawrence Moten\motenla01
2012-13,22,Donatas Motiejūnas\motiedo01
2017-18,22,Johnathan Motley\motlejo01
2000-01,24,Hanno Möttölä\mottoha01
2012-13,22,Arnett Moultrie\moultar01
2010-11,24,Timofey Mozgov\mozgoti01
2015-16,19,Emmanuel Mudiay\mudiaem01
2013-14,21,Shabazz Muhammad\muhamsh01
2009-10,20,Byron Mullens\mulleby01
1995-96,25,Todd Mundt\mundtto01
2015-16,23,Xavier Munford\munfoxa02
2013-14,23,Erik Murphy\murpher01
2012-13,22,Kevin Murphy\murphke01
2001-02,21,Troy Murphy\murphtr01
2016-17,20,Dejounte Murray\murrade01
2016-17,19,Jamal Murray\murraja01
2002-03,23,Ronald Murray\murraro01
2013-14,24,Toure' Murry\murryto01
2018-19,19,Džanan Musa\musadz01
2013-14,22,Mike Muscala\muscami01
1996-97,22,Martin Müürsepp\muursma01
2018-19,21,Sviatoslav Mykhailiuk\mykhasv01
2010-11,24,Hamady N'Diaye\ndiayha01
1998-99,25,Makhtar N'Diaye\ndiayma01
2000-01,25,Mamadou N'Diaye\ndiayma02
2005-06,28,Boniface N'Dong\ndongbo01
2002-03,22,Boštjan Nachbar\nachbbo01
2017-18,24,Abdel Nader\naderab01
2000-01,25,Lee Nailon\nailole01
2000-01,24,Eduardo Nájera\najered01
2015-16,23,Larry Nance\nancela02
2014-15,23,Shabazz Napier\napiesh01
1996-97,22,Steve Nash\nashst01
1995-96,24,Howard Nathan\nathaho01
2007-08,27,Juan Carlos Navarro\navarju01
2016-17,24,Maurice Ndour\ndourma01
2010-11,26,Gary Neal\nealga01
2013-14,22,Nemanja Nedović\nedovne01
2008-09,23,DeMarcus Nelson\nelsode01
2004-05,22,Jameer Nelson\nelsoja01
1996-97,24,Ruben Nembhard\nembhru01
1998-99,23,Tyrone Nesby\nesbyty01
1998-99,22,Rasho Nesterović\nestera01
2015-16,23,Raul Neto\netora01
2000-01,26,Ira Newble\newblir01
2016-17,23,Georges Niang\niangge01
2007-08,23,Demetris Nichols\nichode01
2012-13,23,Andrew Nicholson\nichoan01
1996-97,27,Gaylon Nickerson\nickega01
2007-08,22,Joakim Noah\noahjo01
2004-05,25,Andrés Nocioni\nocioan01
2006-07,22,David Noel\noelda01
2014-15,20,Nerlens Noel\noelne01
2014-15,22,Lucas Nogueira\noguelu01
1997-98,24,Jeff Nordgaard\nordgje01
1996-97,23,Moochie Norris\norrimo01
2006-07,23,Steve Novak\novakst01
1998-99,20,Dirk Nowitzki\nowitdi01
2017-18,19,Frank Ntilikina\ntilila01
2013-14,23,James Nunnally\nunnaja01
2014-15,20,Jusuf Nurkić\nurkiju01
2016-17,24,David Nwaba\nwabada01
1997-98,22,Charles O'Bannon\obannch01
1995-96,23,Ed O'Bannon\obanned01
2015-16,23,J.J. O'Brien\obriejj01
2014-15,21,Johnny O'Bryant\obryajo01
2006-07,20,Patrick O'Bryant\obryapa01
1996-97,18,Jermaine O'Neal\onealje01
2017-18,24,Royce O'Neale\onealro01
2012-13,22,Kyle O'Quinn\oquinky01
2005-06,30,Fabricio Oberto\obertfa01
2016-17,23,Daniel Ochefu\ochefda01
2008-09,21,Greg Oden\odengr01
1999-00,20,Lamar Odom\odomla01
2012-13,24,Tim Ohlbrecht\ohlbrti01
2017-18,23,Semi Ojeleye\ojelese01
2004-05,22,Emeka Okafor\okafoem01
2015-16,20,Jahlil Okafor\okafoja01
2018-19,21,Elie Okobo\okoboel01
2018-19,20,Josh Okogie\okogijo01
2002-03,23,Mehmet Okur\okurme01
2013-14,21,Victor Oladipo\oladivi01
2001-02,23,Dean Oliver\olivede01
1997-98,25,Kevin Ollie\ollieke01
1998-99,23,Michael Olowokandi\olowomi01
2013-14,22,Kelly Olynyk\olynyke01
2013-14,26,Arinze Onuaku\onuakar01
2016-17,20,Chinanu Onuaku\onuakch01
2011-12,21,Daniel Orton\ortonda01
2017-18,22,Cedi Osman\osmande01
1995-96,22,Greg Ostertag\ostergr01
2015-16,20,Kelly Oubre\oubreke01
2003-04,19,Travis Outlaw\outlatr01
2005-06,25,Andre Owens\owensan01
2002-03,23,Chris Owens\owensch01
2010-11,28,Larry Owens\owensla01
1996-97,24,Ray Owes\owesra01
2000-01,19,Olumide Oyedeji\oyedeol01
2003-04,19,Zaza Pachulia\pachuza01
1999-00,23,Scott Padgett\padgesc01
2017-18,24,Marcus Paige\paigema01
1999-00,21,Milt Palacio\palacmi01
2000-01,23,Andy Panko\pankoan01
2016-17,19,Georgios Papagiannis\papagge01
2014-15,24,Kostas Papanikolaou\papanko01
2002-03,23,Jannero Pargo\pargoja01
2011-12,25,Jeremy Pargo\pargoje01
1997-98,22,Anthony Parker\parkean01
2014-15,19,Jabari Parker\parkeja01
2002-03,21,Smush Parker\parkesm01
2001-02,19,Tony Parker\parketo01
1995-96,23,Cherokee Parks\parksch02
2011-12,23,Chandler Parsons\parsoch01
1998-99,23,Andrae Patterson\pattean01
2015-16,24,Lamar Patterson\pattela01
2010-11,21,Patrick Patterson\pattepa01
1998-99,23,Ruben Patterson\patteru01
2017-18,20,Justin Patton\pattoju01
2017-18,26,Brandon Paul\paulbr01
2005-06,20,Chris Paul\paulch01
2003-04,20,Sasha Pavlović\pavloal01
2014-15,23,Adreian Payne\paynead01
2015-16,21,Cameron Payne\payneca01
2014-15,20,Elfrid Payton\paytoel01
2016-17,24,Gary Payton\paytoga02
2007-08,22,Oleksiy Pecherov\pecheol01
2010-11,25,Nikola Peković\pekovni01
2000-01,26,Mike Penberthy\penbemi01
2003-04,22,Desmond Penigar\penigde01
2003-04,23,Kirk Penney\penneki01
2003-04,19,Kendrick Perkins\perkike01
2007-08,22,Kosta Perović\perovko01
2017-18,23,London Perrantes\perralo01
2017-18,22,Alec Peters\peteral01
2000-01,23,Morris Peterson\petermo01
2005-06,20,Johan Petro\petrojo01
1998-99,21,Paul Pierce\piercpa01
2003-04,21,Mickaël Piétrus\pietrmi01
2006-07,23,Kevinn Pinkney\pinknke01
2018-19,23,Theo Pinson\pinsoth01
2010-11,22,Dexter Pittman\pittmde01
2003-04,21,Zoran Planinić\planizo01
2015-16,26,Tibor Pleiß\pleisti01
2016-17,24,Marshall Plumlee\plumlma02
2013-14,23,Mason Plumlee\plumlma01
2012-13,24,Miles Plumlee\plumlmi01
2004-05,20,Pavel Podkolzin\podkopa01
1997-98,22,Scot Pollard\pollasc01
2016-17,21,Jakob Pöltl\poeltja01
2010-11,22,Quincy Pondexter\pondequ01
1997-98,25,Mark Pope\popema01
2000-01,22,Chris Porter\portech01
2013-14,20,Otto Porter\porteot01
2015-16,20,Bobby Portis\portibo01
2015-16,20,Kristaps Porziņģis\porzikr01
1999-00,23,James Posey\poseyja01
2000-01,22,Lavor Postell\postela01
1996-97,21,Vitaly Potapenko\potapvi01
2006-07,23,Leon Powe\powele01
2014-15,23,Dwight Powell\poweldw01
2005-06,23,Josh Powell\poweljo01
2007-08,26,Kasib Powell\powelka01
2015-16,22,Norman Powell\powelno01
2006-07,24,Roger Powell\powelro01
2016-17,23,Alex Poythress\poythal01
2013-14,22,Phil Pressey\pressph01
2009-10,23,A.J. Price\priceaj01
2005-06,22,Ronnie Price\pricero01
2012-13,35,Pablo Prigioni\prigipa01
2002-03,22,Tayshaun Prince\princta01
1999-00,22,Laron Profit\profila01
2007-08,21,Gabe Pruitt\pruitga01
2000-01,21,Joel Przybilla\przybjo01
2017-18,28,Jacob Pullen\pulleja01
2017-18,23,Rodney Purvis\purviro01
2017-18,22,Zhou Qi\qizh01
2016-17,22,Tim Quarterman\quartti01
2006-07,23,Chris Quinn\quinnch01
2017-18,20,Ivan Rabb\rabbiv01
2001-02,21,Vladimir Radmanović\radmavl01
1999-00,23,Aleksandar Radojević\radojal01
2013-14,26,Miroslav Raduljica\radulmi01
2002-03,24,Igor Rakočević\rakocig01
2004-05,19,Peter John Ramos\ramospe01
2016-17,23,Chasson Randle\randlch01
2014-15,20,Julius Randle\randlju01
2008-09,19,Anthony Randolph\randoan01
2005-06,22,Shavlik Randolph\randosh01
2001-02,20,Zach Randolph\randoza01
2017-18,23,Xavier Rathan-Mayes\rathaxa01
1995-96,22,Theo Ratliff\ratlith01
2010-11,24,Andy Rautins\rautian01
2006-07,22,Allan Ray\rayal01
2001-02,29,Željko Rebrača\rebraze01
2000-01,21,Michael Redd\reddmi01
2006-07,22,J.J. Redick\redicjj01
2017-18,22,Davon Reed\reedda01
2004-05,23,Justin Reed\reedju01
2015-16,25,Willie Reed\reedwi02
1995-96,22,Bryant Reeves\reevebr01
1995-96,22,Don Reid\reiddo01
2011-12,25,Ryan Reid\reidry01
2004-05,22,Jared Reiner\reineja01
1995-96,22,Terrence Rencher\renchte01
2002-03,27,Efthimi Rentzias\rentzef01
1995-96,23,Shawn Respert\respesh01
2018-19,23,Cameron Reynolds\reynoca01
1997-98,24,Rodrick Rhodes\rhodero01
2013-14,23,Glen Rice\ricegl02
2007-08,23,Chris Richard\richach01
2001-02,21,Jason Richardson\richaja01
2006-07,22,Jeremy Richardson\richaje01
2015-16,22,Josh Richardson\richajo01
2016-17,21,Malachi Richardson\richama01
2001-02,22,Norm Richardson\richano01
2000-01,20,Quentin Richardson\richaqu01
2003-04,22,Luke Ridnour\ridnolu01
2002-03,31,Antoine Rigaudeau\rigauan01
2012-13,20,Austin Rivers\riverau01
2013-14,22,Andre Roberson\roberan03
2005-06,22,Anthony Roberson\roberan02
2000-01,24,Terrance Roberson\roberte01
2012-13,27,Brian Roberts\roberbr01
2005-06,23,Lawrence Roberts\roberla01
1999-00,23,Ryan Robertson\roberry01
2004-05,24,Bernard Robinson\robinbe01
1996-97,22,Chris Robinson\robinch01
2017-18,22,Devin Robinson\robinde01
2018-19,24,Duncan Robinson\robindu01
1999-00,23,Eddie Robinson\robined01
2014-15,21,Glenn Robinson\robingl02
2000-01,27,Jamal Robinson\robinja03
2018-19,21,Jerome Robinson\robinje01
2018-19,20,Mitchell Robinson\robinmi01
2005-06,21,Nate Robinson\robinna01
2012-13,21,Thomas Robinson\robinth01
2006-07,20,Sergio Rodríguez\rodrise01
1995-96,23,Lou Roe\roelo01
1996-97,23,Roy Rogers\rogerro02
2006-07,20,Rajon Rondo\rondora01
2008-09,20,Derrick Rose\rosede01
1996-97,22,Malik Rose\rosema01
2004-05,23,Quinton Ross\rossqu01
2012-13,21,Terrence Ross\rosste01
2006-07,22,Brandon Roy\roybr01
2015-16,21,Terry Rozier\roziete01
2011-12,21,Ricky Rubio\rubiori01
2002-03,25,Guy Rucker\ruckegu01
2014-15,28,Damjan Rudež\rudezda01
1999-00,23,Michael Ruffin\ruffimi01
1995-96,27,Stefano Rusconi\ruscost01
2008-09,23,Brandon Rush\rushbr01
2002-03,22,Kareem Rush\rushka01
2015-16,19,D'Angelo Russell\russeda01
2011-12,29,Walker Russell\russewa02
1995-96,31,Arvydas Sabonis\sabonar01
2016-17,20,Domantas Sabonis\sabondo01
2012-13,23,Robert Sacre\sacrero01
2002-03,23,John Salmons\salmojo01
1996-97,26,Kevin Salvadori\salvake01
2000-01,22,Soumaila Samake\samakso01
2007-08,23,Cheikh Samb\sambch01
2018-19,21,Brandon Sampson\sampsbr01
2014-15,21,JaKarr Sampson\sampsja02
2002-03,19,Jamal Sampson\sampsja01
2010-11,22,Samardo Samuels\samuesa01
2000-01,23,Pepe Sánchez\sanchpe01
2010-11,22,Larry Sanders\sandela01
2005-06,25,Melvin Sanders\sandeme01
2000-01,24,Daniel Santiago\santida01
2016-17,22,Dario Šarić\saricda01
1996-97,23,Jason Sasser\sasseja01
2001-02,22,Jeryl Sasser\sasseje01
2016-17,25,Tomáš Satoranský\satorto01
2001-02,20,Kenny Satterfield\satteke01
2002-03,26,Predrag Savović\savovpr01
2001-02,23,Brian Scalabrine\scalabr01
2005-06,27,Alex Scales\scaleal01
2005-06,23,Luke Schenscher\schenlu01
2013-14,20,Dennis Schröder\schrode01
2007-08,27,Luis Scola\scolalu01
1996-97,25,Brent Scott\scottbr01
1996-97,24,James Scott\scottja01
2012-13,24,Mike Scott\scottmi01
1996-97,24,Shawnelle Scott\scottsh01
1997-98,22,Shea Seals\sealssh01
2006-07,22,Thabo Sefolosha\sefolth01
2011-12,20,Josh Selby\selbyjo01
2016-17,22,Wayne Selden\seldewa01
2006-07,20,Mouhamed Sene\senesa01
2010-11,21,Kevin Séraphin\serapke01
2001-02,25,Ansu Sesay\sesayan01
2007-08,21,Ramon Sessions\sessira01
2004-05,19,Ha Seung-Jin\seungha01
2018-19,20,Collin Sexton\sextoco01
2010-11,26,Mustafa Shakur\shakumu01
2018-19,21,Landry Shamet\shamela01
1997-98,21,God Shammgod\shammgo01
2008-09,22,Walter Sharpe\sharpwa01
1998-99,23,Casey Shaw\shawca01
2012-13,21,Tornike Shengelia\shengto01
1998-99,24,Jeff Sheppard\sheppje01
2002-03,25,Paul Shirley\shirlpa01
2011-12,21,Iman Shumpert\shumpim01
2012-13,24,Alexey Shved\shvedal01
2016-17,22,Pascal Siakam\siakapa01
2018-19,26,Jordan Sibert\siberjo01
2011-12,24,Xavier Silas\silasxa01
2010-11,24,Garret Siler\silerga01
2005-06,22,Wayne Simien\simiewa01
2017-18,21,Ben Simmons\simmobe01
2001-02,21,Bobby Simmons\simmobo01
2006-07,21,Cedric Simmons\simmoce01
2015-16,26,Jonathon Simmons\simmojo02
2017-18,20,Kobi Simmons\simmoko01
1998-99,23,Miles Simon\simonmi01
2018-19,19,Anfernee Simons\simonan01
1998-99,24,Alvin Sims\simsal01
2007-08,24,Courtney Sims\simsco01
2012-13,22,Henry Sims\simshe01
2012-13,24,Kyle Singler\singlky01
2008-09,23,Sean Singletary\singlse01
2011-12,22,Chris Singleton\singlch01
2005-06,24,James Singleton\singlja01
2013-14,23,Peyton Siva\sivape01
1998-99,22,Brian Skinner\skinnbr01
2002-03,22,Tamar Slay\slayta01
2011-12,24,Donald Sloan\sloando01
2006-07,23,Uroš Slokar\slokaur01
2014-15,20,Marcus Smart\smartma01
1997-98,22,Charles Smith\smithch04
2013-14,26,Chris Smith\smithch05
2006-07,23,Craig Smith\smithcr01
2017-18,20,Dennis Smith\smithde03
2004-05,21,Donta Smith\smithdo04
2011-12,21,Greg Smith\smithgr02
2010-11,22,Ish Smith\smithis01
2004-05,19,J.R. Smith\smithjr01
2000-01,23,Jabari Smith\smithja01
2007-08,21,Jason Smith\smithja02
2011-12,24,Jerry Smith\smithje01
1995-96,20,Joe Smith\smithjo02
2004-05,19,Josh Smith\smithjo03
2001-02,21,Leon Smith\smithle01
2000-01,24,Mike Smith\smithmi03
2011-12,23,Nolan Smith\smithno01
2014-15,23,Russ Smith\smithru01
2006-07,23,Steven Smith\smithst03
1996-97,25,Stevin Smith\smithst02
2003-04,23,Theron Smith\smithth01
2018-19,19,Zhaire Smith\smithzh01
2013-14,22,Tony Snell\snellto01
1995-96,22,Eric Snow\snower01
2004-05,21,Kirk Snyder\snydeki01
2001-02,23,Will Solomon\solomwi01
2003-04,25,Darius Songaila\songada01
2013-14,23,James Southerland\southja01
2004-05,23,Pape Sow\sowpa01
2018-19,21,Ray Spalding\spaldra01
2006-07,24,Vassilis Spanoulis\spanova01
2008-09,21,Marreese Speights\speigma01
2018-19,21,Omari Spellman\spellom01
2010-11,26,Tiago Splitter\splitti01
1998-99,23,Ryan Stack\stackry01
1995-96,21,Jerry Stackhouse\stackje01
2014-15,21,Nik Stauskas\stausni01
1996-97,26,Matt Steigenga\steigma01
1998-99,22,Vladimir Stepania\stepavl01
2013-14,23,D.J. Stephens\stephdj01
1996-97,24,Joe Stephens\stephjo01
2010-11,20,Lance Stephenson\stephla01
2015-16,28,Alex Stepheson\stephal01
2000-01,19,DeShawn Stevenson\stevede01
1997-98,24,Kebu Stewart\stewake01
1997-98,22,Michael Stewart\stewami01
2011-12,26,Greg Stiemsma\stiemgr01
2014-15,23,David Stockton\stockda01
1998-99,21,Peja Stojaković\stojape01
1997-98,26,Ed Stokes\stokeed01
2014-15,21,Jarnell Stokes\stokeja01
2016-17,19,Diamond Stone\stonedi01
2011-12,23,Julyan Stone\stoneju01
2004-05,27,Awvee Storey\storeaw01
1995-96,22,Damon Stoudamire\stoudda01
2005-06,23,Salim Stoudamire\stoudsa01
2002-03,20,Amar'e Stoudemire\stoudam01
2007-08,22,D.J. Strawberry\strawdj01
1996-97,23,Erick Strickland\stricer01
2007-08,21,Rodney Stuckey\stuckro01
2012-13,20,Jared Sullinger\sullija01
2009-10,22,DaJuan Summers\summeda01
2017-18,22,Edmond Sumner\sumneed01
1998-99,18,Bruno Šundov\sundobr01
1995-96,22,Bob Sura\surabo01
2017-18,20,Caleb Swanigan\swanica01
2003-04,21,Mike Sweetney\sweetmi01
2004-05,19,Robert Swift\swiftro01
2000-01,21,Stromile Swift\swiftst01
2010-11,22,Pape Sy\sypa01
1995-96,22,Larry Sykes\sykesla01
1996-97,28,Brett Szabo\szabobr01
1999-00,22,Wally Szczerbiak\szczewa02
2004-05,24,Yuta Tabuse\tabusyu01
2005-06,20,Chris Taft\taftch01
2000-01,27,Dragan Tarlać\tarladr01
2017-18,19,Jayson Tatum\tatumja01
2015-16,23,Edy Tavares\tavarwa01
2005-06,23,Donell Taylor\taylodo01
2016-17,22,Isaiah Taylor\taylois01
2012-13,23,Jeffery Taylor\tayloje03
2009-10,23,Jermaine Taylor\tayloje02
1997-98,23,Johnny Taylor\taylojo01
1997-98,21,Maurice Taylor\tayloma01
2008-09,23,Mike Taylor\taylomi01
2012-13,22,Tyshawn Taylor\tayloty01
2009-10,21,Jeff Teague\teaguje01
2012-13,19,Marquis Teague\teaguma01
2012-13,27,Mirza Teletović\teletmi01
2004-05,19,Sebastian Telfair\telfase01
2009-10,23,Garrett Temple\templga01
2017-18,30,Miloš Teodosić\teodomi01
2018-19,23,Jared Terrell\terreja01
2018-19,22,Emanuel Terry\terryem01
1999-00,22,Jason Terry\terryja01
2009-10,22,Hasheem Thabeet\thabeha01
2017-18,25,Daniel Theis\theisda01
2013-14,20,Adonis Thomas\thomaad01
2004-05,29,Billy Thomas\thomabi01
2001-02,23,Etan Thomas\thomaet01
2011-12,22,Isaiah Thomas\thomais02
1999-00,26,Jamel Thomas\thomaja01
2004-05,24,James Thomas\thomaja02
1997-98,22,John Thomas\thomajo02
1999-00,22,Kenny Thomas\thomake01
2018-19,22,Khyri Thomas\thomakh01
1995-96,23,Kurt Thomas\thomaku01
2011-12,23,Lance Thomas\thomala01
2011-12,23,Malcolm Thomas\thomama01
1997-98,20,Tim Thomas\thomati01
2006-07,20,Tyrus Thomas\thomaty01
2011-12,21,Trey Thompkins\thomptr02
2005-06,22,Dijon Thompson\thompdi01
2013-14,22,Hollis Thompson\thompho01
2008-09,22,Jason Thompson\thompja02
2011-12,21,Klay Thompson\thompkl01
2011-12,23,Mychel Thompson\thompmy02
2011-12,20,Tristan Thompson\thomptr01
2007-08,24,Al Thornton\thornal01
2009-10,22,Marcus Thornton\thornma01
2017-18,23,Sindarius Thornwell\thornsi01
2001-02,23,Jamaal Tinsley\tinslja01
2016-17,22,Mike Tobey\tobeymi01
2008-09,23,Anthony Tolliver\tollian01
2001-02,25,Óscar Torres\torreos01
2015-16,23,Axel Toupane\toupaax01
2015-16,20,Karl-Anthony Towns\townska01
1998-99,21,Robert Traylor\traylro01
1995-96,21,Gary Trent\trentga01
2018-19,20,Gary Trent\trentga02
2001-02,22,Jeff Trepagnier\trepaje01
2018-19,23,Allonzo Trier\trieral01
2002-03,23,Cezary Trybański\trybace01
2000-01,21,Jake Tsakalidis\tsakaja01
2002-03,19,Nikoloz Tskitishvili\tskitni01
2007-08,23,Alando Tucker\tuckeal02
2006-07,21,P.J. Tucker\tuckepj01
2005-06,23,Ronny Turiaf\turiaro01
1999-00,23,Mirsad Türkcan\turkcmi01
2000-01,21,Hedo Türkoğlu\turkohe01
2010-11,22,Evan Turner\turneev01
2015-16,19,Myles Turner\turnemy01
1999-00,23,Wayne Turner\turnewa01
2011-12,20,Jeremy Tyler\tylerje01
2011-12,25,Edwin Ubiles\ubileed01
2010-11,23,Ekpe Udoh\udohek01
2003-04,26,Ime Udoka\udokaim01
2004-05,22,Beno Udrih\udrihbe01
2008-09,24,Roko Ukić\ukicro01
2016-17,21,Tyler Ulis\ulisty01
2016-17,23,Jarrod Uthoff\uthofja01
2010-11,22,Ben Uzoh\uzohbe01
2012-13,20,Jonas Valančiūnas\valanjo01
2016-17,23,Denzel Valentine\valende01
1997-98,22,Keith Van Horn\vanhoke01
1995-96,24,Logan Vander Velden\vandelo01
2018-19,19,Jarred Vanderbilt\vandeja01
2000-01,27,David Vanterpool\vanteda01
2016-17,22,Fred VanVleet\vanvlfr01
2001-02,22,Ratko Varda\vardara01
2004-05,22,Anderson Varejão\varejan01
2012-13,24,Jarvis Varnado\varnaja01
2010-11,24,Greivis Vásquez\vasqugr01
1995-96,22,David Vaughn\vaughda02
1997-98,22,Jacque Vaughn\vaughja01
2015-16,19,Rashad Vaughn\vaughra01
2011-12,21,Jan Veselý\veselja01
2005-06,21,Charlie Villanueva\villach01
2006-07,22,Marcus Vinicius\vincima01
2014-15,19,Noah Vonleh\vonleno01
2000-01,23,Jake Voskuhl\voskuja01
2003-04,21,Slavko Vraneš\vranesl01
2004-05,23,Jackson Vroman\vromaja01
2011-12,21,Nikola Vučević\vucevni01
2004-05,20,Sasha Vujačić\vujacsa01
2003-04,22,Dwyane Wade\wadedw01
2005-06,20,Von Wafer\wafervo01
2002-03,19,Dajuan Wagner\wagneda02
2018-19,21,Moritz Wagner\wagnemo01
2012-13,21,Dion Waiters\waitedi01
1996-97,20,Antoine Walker\walkean02
2008-09,21,Henry Walker\walkebi01
2011-12,21,Kemba Walker\walkeke02
2018-19,20,Lonnie Walker\walkelo01
1996-97,20,Samaki Walker\walkesa01
2010-11,20,John Wall\walljo01
1996-97,22,Ben Wallace\wallabe01
2001-02,19,Gerald Wallace\wallage01
1996-97,22,John Wallace\wallajo01
1995-96,21,Rasheed Wallace\wallara01
2017-18,23,Tyrone Wallace\wallaty01
2016-17,22,Taurean Waller-Prince\princta02
2005-06,23,Matt Walsh\walshma01
2017-18,22,Derrick Walton\waltode01
2003-04,23,Luke Walton\waltolu01
2018-19,29,Brad Wanamaker\wanambr01
2013-14,24,Casper Ware\wareca01
2017-18,24,Jameel Warney\warneja01
2014-15,21,T.J. Warren\warretj01
2010-11,21,Willie Warren\warrewi01
2005-06,23,Hakim Warrick\warriha01
2018-19,27,Julian Washburn\washbju01
2007-08,22,Darius Washington\washida01
1997-98,23,Eric Washington\washier01
2018-19,24,Yuta Watanabe\watanyu01
2007-08,23,Darryl Watkins\watkida01
2007-08,23,C.J. Watson\watsocj01
2001-02,22,Earl Watson\watsoea01
2012-13,21,Maalik Wayns\waynsma01
2014-15,24,David Wear\wearda01
2014-15,24,Travis Wear\weartr01
2008-09,22,Kyle Weaver\weaveky01
2017-18,24,James Webb\webbja01
2015-16,23,Briante Weber\weberbr01
1995-96,24,Jeff Webster\webstje01
2005-06,19,Martell Webster\webstma02
2008-09,22,Sonny Weems\weemsso01
1998-99,22,Bonzi Wells\wellsbo01
1997-98,23,Bubba Wells\wellsbu01
2002-03,23,Jiří Welsch\welscji01
2018-19,22,Thomas Welsh\welshth01
2003-04,23,David West\westda01
2004-05,21,Delonte West\westde01
2007-08,23,Mario West\westma02
2008-09,20,Russell Westbrook\westbru01
2005-06,23,Robert Whaley\whalero01
1997-98,24,DeJuan Wheat\wheatde01
1998-99,23,Tyson Wheeler\wheelty01
2017-18,24,Andrew White\whitean01
2008-09,22,D.J. White\whitedj01
2017-18,23,Derrick White\whitede01
1998-99,22,Jahidi White\whiteja01
2006-07,24,James White\whiteja02
2016-17,24,Okaro White\whiteok01
2001-02,21,Rodney White\whitero02
2013-14,22,Royce White\whitero03
2016-17,21,Isaiah Whitehead\whiteis01
1996-97,27,Donald Whiteside\whitedo01
2010-11,21,Hassan Whiteside\whiteha01
1995-96,23,Dwayne Whitfield\whitfdw01
2014-15,23,Shayne Whittington\whittsh01
2014-15,19,Andrew Wiggins\wiggian01
2014-15,24,C.J. Wilcox\wilcocj01
2002-03,20,Chris Wilcox\wilcoch01
2017-18,23,Jacob Wiley\wileyja01
2004-05,25,Damien Wilkins\wilkida02
2002-03,23,Mike Wilks\wilksmi01
2015-16,23,Alan Williams\willial03
1997-98,23,Alvin Williams\willial02
1997-98,22,Brandon Williams\willibr01
2017-18,27,C.J. Williams\willicj01
2005-06,21,Deron Williams\willide01
2011-12,20,Derrick Williams\willide02
2011-12,22,Elliot Williams\williel01
1995-96,23,Eric Williams\willier01
2002-03,22,Frank Williams\willifr02
1998-99,23,Jason Williams\willija02
2008-09,25,Jawad Williams\willija04
2002-03,21,Jay Williams\willija03
1996-97,23,Jerome Williams\willije01
2018-19,23,Johnathan Williams\willijo04
2011-12,21,Jordan Williams\willijo03
2006-07,22,Justin Williams\williju01
2018-19,24,Kenrich Williams\willike04
2005-06,19,Lou Williams\willilo02
2006-07,21,Marcus Williams\willima03
2007-08,21,Marcus Williams\willima04
2005-06,19,Marvin Williams\willima02
2017-18,24,Matt Williams\willima05
2003-04,21,Mo Williams\willima01
2009-10,23,Reggie Williams\willire02
2018-19,21,Robert Williams\williro04
2007-08,21,Sean Williams\willise01
1998-99,23,Shammond Williams\willish01
2006-07,20,Shawne Williams\willish03
2006-07,23,Shelden Williams\willish02
2009-10,22,Terrence Williams\willite01
1997-98,28,Travis Williams\willitr01
2016-17,22,Troy Williams\willitr02
1995-96,22,Corliss Williamson\willico02
1999-00,25,Dedric Willoughby\willode01
2017-18,21,D.J. Wilson\wilsodj01
2017-18,27,Jamil Wilson\wilsoja02
2016-17,24,Kyle Wiltjer\wiltjky01
2015-16,19,Justise Winslow\winslju01
1998-99,25,Trevor Winter\wintetr01
2013-14,23,Jeff Withey\witheje01
2000-01,27,Rubén Wolkowyski\wolkoru01
2013-14,22,Nate Wolters\woltena01
2015-16,20,Christian Wood\woodch01
2001-02,23,Loren Woods\woodslo01
2002-03,21,Qyntel Woods\woodsqy01
1999-00,20,Metta World Peace\artesro01
2005-06,21,Antoine Wright\wrighan01
2005-06,21,Bracey Wright\wrighbr02
2007-08,20,Brandan Wright\wrighbr03
2011-12,23,Chris Wright\wrighch01
2012-13,23,Chris Wright\wrighch02
2015-16,23,Delon Wright\wrighde01
2004-05,19,Dorell Wright\wrighdo01
2007-08,20,Julian Wright\wrighju01
1996-97,21,Lorenzen Wright\wrighlo02
2012-13,19,Tony Wroten\wroteto01
2017-18,22,Guerschon Yabusele\yabusgu01
2002-03,21,Vincent Yarbrough\yarbrvi01
2014-15,19,James Young\youngja01
2015-16,23,Joe Young\youngjo01
1998-99,20,Korleone Young\youngko01
2007-08,22,Nick Young\youngni01
2009-10,24,Sam Young\youngsa01
2007-08,19,Thaddeus Young\youngth01
1999-00,23,Tim Young\youngti01
2018-19,20,Trae Young\youngtr01
2008-09,23,Sun Yue\yuesu01
2013-14,21,Cody Zeller\zelleco01
2012-13,25,Luke Zeller\zellelu01
2012-13,23,Tyler Zeller\zellety01
2000-01,23,Wang Zhizhi\zhizhwa01
1995-96,22,George Zídek\zidekge01
2005-06,24,Derrick Zimmerman\zimmede01
2016-17,20,Stephen Zimmerman\zimmest01
2016-17,22,Paul Zipser\zipsepa01
2017-18,21,Ante Žižić\zizican01
2016-17,19,Ivica Zubac\zubaciv01
1996-97,29,Aleksandar Đorđević\djordal01
